"Target","Count"
"Money Flows","9"
"09-Threads/State-Playbooks/","4"
"Brexit","4"
"Hypotheses MOC","3"
"Source 1","2"
"Source: Channel 4 2018-03-19 Exposed","2"
"Source: Cadwalladr 2018-03-17 Guardian","2"
"Information Warfare","2"
"Hypothesis - Developing World Test Bed","2"
"Richard Cook","2"
"10-Timeline\Timeline - Rebekah Mercer","2"
"Source 2","2"
"10-Timeline\Timeline - Erik Prince","2"
"10-Timeline/Master Timeline","2"
"10-Timeline\Timeline - Aleksandr Kogan","2"
"12-App-Backend/Architecture - 2026 Power Map","2"
"ChÃ© Ahn","2"
"00-Home/Conventions","2"
"Source: DCMS Final Report 2019","2"
"10-Timeline\Timeline - Brittany Kaiser","2"
"People","1"
"../00-Home/Tag Taxonomy","1"
"10-Timeline\Timeline - Steve Bannon","1"
"People.base","1"
"07-Connections/Money-Flows/...","1"
"Source: Wikipedia - Brexit","1"
"Source: HindsightFiles 2020","1"
"Source: Wikipedia - PRI Mexico","1"
"Org Name","1"
"Investigation","1"
"../00-Home/Open Questions","1"
"10-Timeline\Timeline - Carole Cadwalladr","1"
"../11-Canvases/Tech Right Network.canvas","1"
"01-MOCs/Vault MOC","1"
"PragerU Kids","1"
"Source A","1"
"Org","1"
"Source: Wikipedia - NRA","1"
"Source: Wikipedia - BJP","1"
"James Madison Institute","1"
"Funder","1"
"Source: ICO Report 2018 CA Investigation","1"
"Source: UK Intelligence Committee Russia Report 2020","1"
"Facebook Data MOC","1"
"Marco Rubio","1"
"Related Concept","1"
"../00-Home/How to Use the Vault","1"
"wikilinks","1"
"../11-Canvases/Money Flow.canvas","1"
"03-Organizations/Policy-Apparatus/Family Research Council","1"
"Contract / Client","1"
"Related Org","1"
"../11-Canvases/Four Cluster Venn.canvas","1"
"../99-Bases/Sources.base","1"
"Other MOC","1"
"Maria Butina","1"
"Argentina","1"
"Personnel Database","1"
"Source: Balkan Insight CPAC Hungary 2026","1"
"Bolsonaro","1"
"Source: CNN MAHA Report Plans","1"
"Other Org","1"
"Brexit MOC","1"
"Source: Religion Dispatches NAR Reporters Guide 2025","1"
"../99-Bases/Events.base","1"
"Source: Wikipedia - NAR","1"
"Money MOC","1"
"Lens","1"
"Paramilitary cluster","1"
"Connection: X to Y","1"
"Source B","1"
"Connection: Other Link","1"
"Cluster - Defense Pipeline","1"
"Source: American Immigration Council ImmigrationOS","1"
"Source: ACLU Palantir Deportation","1"
"Successor Org","1"
"Source: Boston Globe MAHA Inner Circle","1"
"../11-Canvases/CA Influence Network.canvas","1"
"../99-Bases/Organizations.base","1"
"Sub 2","1"
"Sub 1","1"
"Source: Rosenberg et al 2018-03-17 NYT","1"
"00-Home/Open Questions","1"
"PRI","1"
"Election Integrity","1"
"Sources","1"
"../10-Timeline/Master Timeline","1"
"NYT","1"
"MAGA media ecosystem","1"
"Source: Wikipedia - ICO","1"
"10-Timeline\Timeline - Christopher Wylie","1"
"Source: Wikipedia - Cambridge Analytica","1"
"Organizations","1"
"../00-Home/Reading List - Weekend","1"
"00-Home/Tag Taxonomy","1"
"../00-Home/Reading List - Researcher","1"
"180-Day Playbook","1"
"Source: Wikipedia - DUP","1"
"../00-Home/Reading List - 30 Minutes","1"
"../99-Bases/People.base","1"
"10-Timeline\Timeline - Robert Mercer","1"
"Source: Wikipedia - HSLDA","1"
"Hypothesis: ...","1"
"Hypothesis: alternative","1"
"Events","1"
"Parent Org","1"
"Source: PBS RFK MAHA Report","1"
